AAAAA,4325235,23/04/2004,Rua zinha,4436,Cidade zinha,Estado zinho
Amanda Eloá Nair Oliveira,689.228.058-70,07/05/1997,Rua Maria do Socorro,598,Olinda,PE
Ana Cecília Moraes,757.734.263-74,20/01/1951,Quadra J-10,846,Belém,PA
Ana Raquel Josefa Ramos,034.064.083-97,08/08/1943,Rua Leonardo da Vinci,905,Goiânia,GO
Andreia Nicole Carolina Nogueira,506.944.119-14,17/08/1999,Vila Santa Lúcia,906,Belém,PA
André Arthur Caldeira,152.726.332-02,18/02/1973,Rua Assis Valente,467,Várzea Grande,MT
Antonella Andrea Priscila Fernandes,509.429.055-04,08/01/1978,Rua Estácio de Sá,964,Recife,PE
Antonella Eliane Santos,447.417.507-79,17/01/1972,Beco dos Inocentes,199,Manaus,AM
Antonella Malu Emanuelly Mendes,204.091.795-07,11/06/1950,2ª Rua da Paz,532,Maceió,AL
Ayla Malu Laís da Conceição,254.795.150-98,19/06/1983,Área SRES Área Especial Bloco C,712,Brasília,DF
Beatriz Isabela Andrea Moreira,460.169.999-11,26/01/1961,Avenida Florianópolis,230,Serra,ES
Benedita Juliana Almada,806.615.009-18,12/07/1949,Rua Cabo do Arraial,317,Volta Redonda,RJ
Bento Luiz Freitas,965.302.179-67,01/01/1962,Travessa Claudionor Leite,658,Aracaju,SE
Benício Rodrigo Manuel Baptista,068.752.015-00,25/03/1969,Rua Lino Rodrigues,386,Arapiraca,AL
Brenda Flávia Tânia Silva,948.951.936-75,06/08/1951,Rua Prudente de Morais,146,Teresina,PI
Breno Paulo Manuel Souza,819.758.540-71,03/05/1998,Rua Botafogo,376,Rio Branco,AC
Breno Theo Teixeira,951.886.065-34,13/03/1970,Travessa Zeus,892,Rio Branco,AC
Bruna Emilly Bernardes,326.136.530-78,09/08/1990,Rua Cajá Mirim,919,Manaus,AM
Bruna Isadora Novaes,881.906.299-21,07/02/2002,Rua Josefa Lopes de Araújo,553,Teresina,PI
Bruno Felipe Alves,894.907.653-50,06/08/1959,Rua Inhambu,996,Londrina,PR
Caleb Filipe Noah Souza,830.692.913-68,25/01/1971,Vila Aides,221,Fortaleza,CE
Calebe Pedro Kaique Cardoso,972.603.511-28,13/01/1991,Alameda Riguel,962,Barueri,SP
Carla Stella Stella Novaes,928.157.092-01,24/01/2001,Quadra SQN 210,742,Brasília,DF
Caroline Fernanda da Luz,583.152.110-99,20/05/1954,Rua Gerson Farias dos Santos,752,Aracaju,SE
Catarina Helena Adriana Galvão,686.741.398-68,06/05/1974,Avenida Projetada,452,São Luís,MA
Cecília Sandra Rita da Cunha,784.283.499-75,18/06/1980,Travessa da Afelétro,213,Rio Branco,AC
Cláudia Milena Carolina Corte Real,164.500.753-76,04/05/1951,Quadra QN 315 Conjunto B,711,Brasília,DF
Cláudia Milena Moura,785.017.578-61,24/05/1954,Alameda Payssandú,856,Ananindeua,PA
Débora Jéssica Sara Silveira,991.902.368-07,25/04/1970,Rua Peixe Boi,492,Boa Vista,RR
Eduarda Isabel Giovanna Farias,304.632.572-00,13/06/1954,Rua da Pedra,243,Arcoverde,PE
Eduardo Luiz Carlos da Mota,403.755.010-53,24/05/1948,Trecho SCEN Trecho 3 Lotes 5B e 6B,209,Brasília,DF
Elaine Ayla Stella da Costa,933.502.689-19,21/06/1998,Rua Doutor Jozone Pedroso de Camargo,684,Dourados,MS
Elza Natália Ester Lopes,875.929.448-55,05/07/1957,Avenida Dom Pedro II,233,Santana do Livramento,RS
Emanuel Francisco Araújo,608.982.268-05,02/02/2004,Rua Ipê,359,Ji-Paraná,RO
Emily Elza Elisa Barros,766.479.188-09,27/03/2003,Rua Tamandaré,495,Maracanaú,CE
Emily Francisca Jesus,544.772.817-73,12/03/1979,Rua Palmital,710,Feira de Santana,BA
Emily Francisca Maitê Rodrigues,300.217.914-06,01/08/2003,Rua João Pereira da Silva,472,Guarapari,ES
Felipe Gabriel Lopes,214.105.778-72,08/02/1989,Rua Margarida Barbosa Chaves,633,João Pessoa,PB
Gabriel Ryan Cardoso,583.815.414-41,16/05/1994,Rodovia Coronel Estevão Torquato da Silva,836,Cuiabá,MT
Geraldo Diogo Monteiro,692.603.605-52,20/01/1953,Rua Otávio Antônio Darros,685,Novo Hamburgo,RS
Guilherme Sebastião Raimundo da Costa,263.266.382-24,08/02/1972,Rua Manuel Torres,771,Rio de Janeiro,RJ
Heloisa Bárbara Lívia Moraes,646.999.390-74,25/01/1974,Quadra QI 616 Conjunto H-I,128,Brasília,DF
Heloise Sarah Barbosa,719.929.853-67,12/05/1966,Travessa Santa Lúcia,792,Rio Branco,AC
Henrique Nelson Gomes,417.227.932-52,18/04/1987,Rua Manoel Francisco da Silva,853,Caruaru,PE
Ian Oliver Giovanni Fernandes,925.766.683-21,08/06/1965,Rua 1º de Abril,147,Manaus,AM
Ian Vicente Julio Sales,924.960.305-33,06/04/1984,Rua José do Monte,287,Belo Horizonte,MG
Isabella Rebeca Almada,561.157.074-71,19/04/1955,Rua Pedro Aldemar Bantim,101,Boa Vista,RR
Isabelly Beatriz Sara Pinto,184.766.225-03,05/07/1955,Rua Guanabara,990,Porto Velho,RO
Jaqueline Giovanna Márcia Santos,768.734.033-77,02/04/1993,Quadra Nove,329,Belém,PA
Jaqueline Lara dos Santos,193.978.242-28,27/02/1984,Rua Rio Desterro,651,Jaboatão dos Guararapes,PE
Jennifer Liz Liz Aparício,216.487.500-10,23/06/1998,Rua Dom Severino Vieira de Melo,916,Caruaru,PE
Josefa Isis Heloisa Araújo,177.750.202-02,17/08/1944,Travessa Arnoldo Raiter,405,Passo Fundo,RS
José Benjamin Isaac Castro,106.827.257-06,12/04/1949,Rua São Paulo,391,Ananindeua,PA
José Luiz Carvalho,415.473.513-65,09/03/1949,Rua Homero Cruz,853,Boa Vista,RR
Julio Isaac Almeida,543.915.194-02,25/02/1948,Rua Dianápolis,790,Maceió,AL
Julio Luís da Rosa,442.287.278-83,26/02/1960,Rua Soilo de Freitas,713,Ponta Porã,MS
Julio Manoel Diogo Oliveira,854.640.160-82,02/07/1949,Quadra SHIGS 706 Bloco H,646,Brasília,DF
Julio Ruan Elias Campos,154.641.180-12,13/04/1972,Avenida das Bandeiras,172,Contagem,MG
Kamilly Allana da Luz,771.082.527-32,19/07/1966,Rua Imbe,278,Aparecida de Goiânia,GO
Kamilly Ester Mendes,881.435.218-69,09/02/1952,Rua Suiriri,578,Recife,PE
Kauê Ricardo Gael Assis,578.474.302-31,13/05/2003,Rua V,651,Arcoverde,PE
Kevin Yago Pinto,765.627.070-13,03/01/1942,Rua Bariri,438,Várzea Grande,MT
Larissa Clarice dos Santos,490.476.222-35,03/08/1965,Rua Lúcia dos Santos,197,Campo Grande,MS
Levi Danilo Drumond,274.763.286-55,10/02/2001,Rua João Hardman de Barros,996,João Pessoa,PB
Lorena Nair Lorena Costa,701.811.103-00,15/02/1942,Quadra QSC 19 Chácara 27 Conjunto D,583,Brasília,DF
Lucas Luan Barbosa,848.839.493-46,06/07/1960,Rua Quinze de Novembro 230,300,Campo Grande,MS
Luiz Benício Arthur Costa,061.163.625-59,27/07/1976,Rua Janarana,257,Várzea Grande,MT
Luiza Mariane da Mota,150.600.367-23,22/02/1996,Avenida Prefeito Milton Rodrigues,950,Itaboraí,RJ
Maitê Bárbara Viana,765.953.791-12,05/02/1973,Avenida Caracaraí,654,Boa Vista,RR
Maitê Raquel Marcela Silveira,961.936.030-34,06/03/1949,Avenida Fernando Correa da Costa 542,706,Cuiabá,MT
Malu Caroline Cavalcanti,892.579.995-21,02/03/1966,Rua Três,972,São Luís,MA
Malu Clarice Melo,037.400.848-55,23/02/1964,Praça da Bíblia,185,Telêmaco Borba,PR
Mariah Ester Francisca Aragão,894.042.070-55,15/06/1942,Rua Moisés de Souza Cruz,111,Boa Vista,RR
Mariana Rebeca Kamilly Aparício,100.505.355-36,05/02/1985,Avenida Jornalista Roberto Marinho,428,São Gonçalo,RJ
Marina Andreia Eliane Gonçalves,913.180.172-20,21/07/2000,Rua Mobral,910,Cascavel,PR
Marli Sabrina Malu Brito,836.475.310-06,27/01/1953,Rua Prudente de Moraes,826,Porto Velho,RO
Mateus Diogo Thiago da Paz,089.059.299-31,24/03/1948,Rua Dorgival Rodrigues Galvão,112,Belo Jardim,PE
Maya Louise Evelyn Moraes,201.757.933-52,10/06/1942,Avenida Maria de Oliveira Colares,356,Santana,AP
Maya Sônia Porto,203.689.706-12,25/01/1963,Rua P 9,989,Palmas,TO
Milena Carolina Antonella Silva,194.991.146-29,09/06/1963,Condomínio Bom Jesus,645,Maceió,AL
Márcia Caroline Sara Nunes,214.565.496-85,11/05/1971,Rua Mauro Rigo,208,Chapecó,SC
Nathan Nelson Araújo,035.056.080-33,23/06/1997,Travessa B,934,Boa Vista,RR
Natália Heloise Jennifer Barbosa,076.129.910-63,15/07/1960,Rua Vitória,616,Palhoça,SC
Nelson Samuel Roberto Mendes,487.467.175-60,01/01/1946,Rua Quarenta e Seis,412,São Mateus,ES
Nicolas Lorenzo da Paz,028.127.501-70,21/06/1953,Rua Chico Mendes,788,Rio Branco,AC
Nina Elaine Renata Martins,877.526.453-62,04/05/1980,Quadra QR 310 Conjunto N,284,Brasília,DF
Otávio Lucas Diogo da Conceição,780.494.099-88,22/03/1965,Rua BA - 069,909,Brusque,SC
Otávio Rafael Victor Castro,037.349.530-73,17/01/1988,Rua José Paulo Cândido,375,São Paulo,SP
Pedro Henrique Giovanni Jorge das Neves,606.171.213-89,11/06/2001,Quadra QS 3 Rua 430,207,Brasília,DF
Pietra Aline Sophia Nunes,912.652.200-42,08/02/1972,Rua Deméter,457,Paulista,PE
Pietra Carolina Lavínia Lopes,436.476.291-11,08/07/1995,Rua Seis,891,Aracaju,SE
Priscila Jennifer Mariane Dias,674.462.852-65,18/04/2002,Travessa Boa Vista 1,778,Rio Branco,AC
Priscila Marcela Rocha,780.903.184-87,10/02/2002,Avenida Cosme Ferreira,333,Manaus,AM
Rafael Erick Otávio Baptista,768.844.304-00,06/08/1974,Rua Tomar do Geru,916,Aracaju,SE
Rafael Martin Thomas Moreira,569.532.167-00,12/02/1977,Alameda Oito,446,Belém,PA
Renata Kamilly Ferreira,354.561.963-01,09/08/1954,Avenida Fazenda Ipoméia,599,Cambé,PR
Renato Carlos Eduardo Gonçalves,054.230.655-77,08/05/1948,Travessa 25 de Dezembro,323,Santana,AP
Renato César Davi da Rocha,400.548.663-08,16/06/1958,Rua Rua 8 Chácara 292,765,Brasília,DF
Ricardo Carlos Aragão,112.294.634-10,19/01/2002,Quadra Quadra 102 Conjunto 6,487,Brasília,DF
Roberto Theo Galvão,665.947.051-48,10/05/1977,Quadra QNN 36 Conjunto A,530,Brasília,DF
Rosa Giovana da Cunha,051.625.647-53,10/05/1947,Rua Umari,784,Manaus,AM
Sabrina Marlene Isabelle Aparício,271.132.934-84,19/04/1948,Rua Washington,249,Recife,PE
Samuel Daniel da Conceição,166.526.478-00,25/02/1964,Rua David Caldas 636/s,743,Teresina,PI
Sandra Helena Ana Viana,958.669.509-36,27/05/1965,Quadra QNO 5 Conjunto O,658,Brasília,DF
Sandra Olivia Dias,029.337.307-82,10/08/1994,Rodovia BR-316 km 4 Lote s/n,661,Ananindeua,PA
Sarah Heloisa Almada,796.366.894-07,14/03/2001,Rua Professor Edgar Gewehr,204,Santa Cruz do Sul,RS
Sebastião Luiz Emanuel Baptista,054.914.408-09,03/02/1950,Beco Heros,618,Rio Branco,AC
Silvana Cecília Simone Corte Real,096.247.841-59,08/01/1949,Rua Principal,879,Ribeirópolis,SE
Sophia Gabriela Heloise Rezende,830.349.038-98,04/05/1946,Avenida Deputado Pinheiro Machado 2675,770,Parnaíba,PI
Sophie Lúcia Bruna Bernardes,449.916.493-15,16/08/1976,Rua Vicente Padovan,970,Sapucaia,ES
Sueli Simone Eloá Souza,768.680.798-34,22/04/1944,Rua Gonçalves Dias,147,Imperatriz,MA
Tereza Isabelle Barros,936.484.325-83,16/02/2001,Rua Maria Batista Paiva,778,João Pessoa,PB
Thales Erick Alves,502.376.619-50,17/03/1971,Rua Onair de Freitas,950,Vila Velha,ES
Thales Thiago Ruan Campos,621.983.477-17,09/02/1957,Rua A-47,388,Maceió,AL
Tiago Pietro Pires,350.181.306-60,27/07/1989,Rua Aféia,154,Manaus,AM
Valentina Daniela Rocha,061.681.673-15,16/06/1979,Rua Vinte e Quatro,775,Sete Lagoas,MG
Victor Carlos Eduardo Pires,190.312.369-00,06/06/1986,Travessa Washington Luís,334,Manaus,AM
Victor Gustavo Cláudio Brito,329.086.767-61,03/04/1955,Rua Alto Cerqueira,478,Salvador,BA
Yago Kevin Gomes,962.364.084-67,20/02/1943,Rua Dias Gomes,335,Fortaleza,CE
Yasmin Valentina Isis Nogueira,432.362.604-59,27/04/1972,Quadra T 21 Avenida TNS 4,252,Palmas,TO
